accidental,"['id_1', 'id_2', 'id_3']"
account,['id_1']
addition,['id_1']
advice,"['id_1', 'id_2', 'id_3']"
advisory,['id_1']
aggregate,"['id_1', 'id_3']"
allowable,"['id_1', 'id_2', 'id_3']"
alternative,"['id_1', 'id_2', 'id_3']"
approval,"['id_1', 'id_3']"
aquaculture,"['id_1', 'id_2', 'id_3']"
assess,"['id_1', 'id_2', 'id_3']"
assessment,['id_3']
association,"['id_1', 'id_3']"
assurance,"['id_1', 'id_2', 'id_3']"
attendance,"['id_1', 'id_2', 'id_3']"
basis,['id_1']
bilateral,"['id_1', 'id_2', 'id_3']"
biological,"['id_1', 'id_2', 'id_3']"
body,"['id_1', 'id_3']"
business,"['id_1', 'id_2', 'id_3']"
catch,['id_2']
charge,['id_1']
check,"['id_1', 'id_3']"
code,"['id_1', 'id_2', 'id_3']"
collection,"['id_1', 'id_2', 'id_3']"
collector,"['id_1', 'id_2', 'id_3']"
committee,"['id_1', 'id_3']"
common,['id_1']
compatibility,"['id_1', 'id_2', 'id_3']"
completeness,"['id_1', 'id_2', 'id_3']"
comprehensive,"['id_1', 'id_2', 'id_3']"
computerise,"['id_1', 'id_3']"
confidential,"['id_2', 'id_3']"
conservation,"['id_1', 'id_2', 'id_3']"
consultation,['id_1']
contracting,"['id_2', 'id_3']"
cooperate,"['id_2', 'id_3']"
cooperation,['id_1']
coordination,['id_1']
correlation,"['id_1', 'id_3']"
correspondent,"['id_1', 'id_2', 'id_3']"
costs,['id_3']
coverage,['id_3']
criterion,"['id_1', 'id_3']"
current,"['id_2', 'id_3']"
database,"['id_1', 'id_2', 'id_3']"
deadline,"['id_1', 'id_3']"
debate,"['id_1', 'id_3']"
define,['id_3']
delegate,['id_3']
delegation,['id_3']
description,['id_3']
deterioration,"['id_1', 'id_2', 'id_3']"
development,['id_1']
diadromous,"['id_1', 'id_2', 'id_3']"
different,['id_3']
directive,"['id_1', 'id_3']"
disruption,"['id_1', 'id_2', 'id_3']"
dissemination,"['id_1', 'id_3']"
draft,"['id_1', 'id_2']"
duplication,"['id_1', 'id_2', 'id_3']"
ecosystem,"['id_1', 'id_2', 'id_3']"
effective,['id_1']
efficient,"['id_1', 'id_3']"
electronic,['id_3']
ensure,['id_3']
entity,"['id_1', 'id_3']"
environmental,"['id_1', 'id_3']"
establishment,"['id_1', 'id_2']"
event,"['id_1', 'id_3']"
examination,"['id_1', 'id_3']"
exchange,['id_1']
expert,"['id_1', 'id_3']"
exploitation,"['id_1', 'id_2', 'id_3']"
extension,['id_3']
first,"['id_1', 'id_2', 'id_3']"
fishing,['id_2']
fleet,"['id_2', 'id_3']"
focal,"['id_1', 'id_2', 'id_3']"
force,['id_3']
format,['id_3']
framework,['id_1']
frequency,"['id_1', 'id_3']"
freshwater,"['id_1', 'id_2', 'id_3']"
geographical,['id_3']
group,"['id_1', 'id_3']"
habitat,"['id_1', 'id_2', 'id_3']"
identifiable,"['id_1', 'id_2', 'id_3']"
identify,['id_3']
illicit,"['id_1', 'id_2', 'id_3']"
implement,['id_3']
improvement,"['id_1', 'id_3']"
indirectly,"['id_1', 'id_2', 'id_3']"
industry,"['id_1', 'id_2', 'id_3']"
inform,['id_2']
inland,"['id_1', 'id_2', 'id_3']"
interest,['id_1']
journal,['id_1']
justify,"['id_1', 'id_3']"
legal,['id_1']
local,['id_1']
mandate,"['id_1', 'id_3']"
mandatory,"['id_1', 'id_2', 'id_3']"
marine,"['id_2', 'id_3']"
meeting,['id_1']
metadata,"['id_1', 'id_3']"
method,"['id_1', 'id_3']"
multiannual,['id_1']
natural,"['id_1', 'id_3']"
notwithstanding,"['id_1', 'id_3']"
object,"['id_2', 'id_3']"
objective,['id_1']
observer,['id_2']
output,"['id_1', 'id_3']"
place,"['id_1', 'id_3']"
policy,['id_1']
primary,"['id_1', 'id_2', 'id_3']"
principle,['id_1']
processing,"['id_2', 'id_3']"
programme,['id_1']
pursuant,['id_1']
qualitative,"['id_1', 'id_2', 'id_3']"
quality,['id_3']
reaching,"['id_1', 'id_2', 'id_3']"
receipt,['id_3']
recreational,"['id_1', 'id_2', 'id_3']"
refusal,['id_3']
region,"['id_1', 'id_3']"
regionally,"['id_1', 'id_2', 'id_3']"
relate,['id_3']
relative,"['id_1', 'id_2']"
relevance,"['id_1', 'id_3']"
reliability,"['id_1', 'id_3']"
repeal,"['id_1', 'id_2', 'id_3']"
research,['id_3']
responsible,['id_1']
restriction,"['id_1', 'id_2']"
result,['id_3']
revise,"['id_1', 'id_3']"
rule,['id_1']
safely,"['id_1', 'id_2', 'id_3']"
salmon,"['id_1', 'id_2', 'id_3']"
sample,['id_3']
sampling,"['id_1', 'id_3']"
scientific,"['id_2', 'id_3']"
sector,"['id_1', 'id_3']"
short,"['id_2', 'id_3']"
simplification,"['id_1', 'id_2', 'id_3']"
simultaneously,['id_3']
socioeconomic,"['id_1', 'id_2', 'id_3']"
sovereignty,"['id_1', 'id_2']"
spatial,"['id_1', 'id_2', 'id_3']"
species,"['id_2', 'id_3']"
stecf,"['id_1', 'id_2', 'id_3']"
stocks,"['id_2', 'id_3']"
storage,['id_3']
submission,"['id_1', 'id_3']"
submit,['id_3']
support,"['id_1', 'id_3']"
survey,"['id_1', 'id_2', 'id_3']"
suspect,"['id_1', 'id_2', 'id_3']"
sustainability,"['id_1', 'id_2', 'id_3']"
target,"['id_1', 'id_3']"
technical,"['id_1', 'id_3']"
therefor,"['id_1', 'id_2', 'id_3']"
thereto,"['id_1', 'id_2', 'id_3']"
threshold,"['id_1', 'id_3']"
timetable,"['id_1', 'id_3']"
tourism,"['id_1', 'id_2', 'id_3']"
transmission,['id_3']
transmit,"['id_2', 'id_3']"
user,"['id_1', 'id_3']"
validity,"['id_2', 'id_3']"
verification,"['id_1', 'id_3']"
vessel,['id_2']
waters,"['id_1', 'id_2']"
whichever,"['id_2', 'id_3']"
without,"['id_1', 'id_3']"
ability,"['id_0', 'id_2', 'id_3']"
absence,['id_0']
accept,"['id_0', 'id_3']"
accommodation,"['id_0', 'id_2', 'id_3']"
accordingly,"['id_0', 'id_3']"
accumulate,"['id_0', 'id_2', 'id_3']"
accuracy,"['id_0', 'id_3']"
acknowledge,"['id_0', 'id_2', 'id_3']"
add,"['id_0', 'id_3']"
address,"['id_0', 'id_3']"
adjustment,['id_0']
administrative,['id_0']
adriatic,"['id_0', 'id_2', 'id_3']"
advance,"['id_0', 'id_3']"
adverse,"['id_0', 'id_3']"
affix,"['id_0', 'id_2', 'id_3']"
agency,['id_0']
agent,"['id_0', 'id_3']"
allocation,['id_0']
allow,"['id_0', 'id_2', 'id_3']"
alpha,"['id_0', 'id_2', 'id_3']"
amendment,"['id_0', 'id_3']"
american,"['id_0', 'id_2', 'id_3']"
analysis,['id_0']
annexe,"['id_0', 'id_3']"
anticipate,"['id_0', 'id_2', 'id_3']"
apparent,"['id_0', 'id_2', 'id_3']"
apply,['id_0']
area,"['id_0', 'id_3']"
arrival,"['id_0', 'id_2', 'id_3']"
article,['id_0']
ascertain,"['id_0', 'id_2', 'id_3']"
ass,"['id_0', 'id_3']"
assign,['id_0']
assistance,['id_0']
associate,"['id_0', 'id_2', 'id_3']"
atlantic,"['id_0', 'id_2', 'id_3']"
attachment,"['id_0', 'id_2', 'id_3']"
attempt,"['id_0', 'id_2', 'id_3']"
authorisation,"['id_0', 'id_2', 'id_3']"
authorise,"['id_0', 'id_3']"
authorities,['id_0']
authority,['id_0']
azores,"['id_0', 'id_2', 'id_3']"
beaufort,"['id_0', 'id_2', 'id_3']"
behalf,['id_0']
behavioural,"['id_0', 'id_2', 'id_3']"
beneficial,"['id_0', 'id_2', 'id_3']"
better,"['id_0', 'id_2', 'id_3']"
bluefin,"['id_0', 'id_2', 'id_3']"
board,"['id_0', 'id_2']"
bottom,"['id_0', 'id_2', 'id_3']"
bound,"['id_0', 'id_2', 'id_3']"
bribe,"['id_0', 'id_2', 'id_3']"
calculate,"['id_0', 'id_3']"
calculation,"['id_0', 'id_3']"
calendar,"['id_0', 'id_3']"
canary,"['id_0', 'id_2', 'id_3']"
cancel,"['id_0', 'id_2', 'id_3']"
cancellation,"['id_0', 'id_3']"
canvas,"['id_0', 'id_2', 'id_3']"
capture,"['id_0', 'id_2', 'id_3']"
carry,"['id_0', 'id_3']"
case,"['id_0', 'id_3']"
catadromous,"['id_0', 'id_2', 'id_3']"
catching,"['id_0', 'id_2', 'id_3']"
category,"['id_0', 'id_3']"
cease,"['id_0', 'id_2']"
cell,"['id_0', 'id_2', 'id_3']"
centre,"['id_0', 'id_2', 'id_3']"
certification,"['id_0', 'id_3']"
certify,"['id_0', 'id_3']"
chains,"['id_0', 'id_2', 'id_3']"
change,"['id_0', 'id_3']"
chapter,"['id_0', 'id_2']"
charter,"['id_0', 'id_2', 'id_3']"
charterers,"['id_0', 'id_2', 'id_3']"
close,['id_0']
closure,"['id_0', 'id_3']"
coastal,"['id_0', 'id_2', 'id_3']"
codend,"['id_0', 'id_2', 'id_3']"
commence,"['id_0', 'id_2', 'id_3']"
comment,"['id_0', 'id_3']"
commit,"['id_0', 'id_2', 'id_3']"
communication,"['id_0', 'id_3']"
community,"['id_0', 'id_3']"
competent,['id_0']
complete,"['id_0', 'id_3']"
completion,"['id_0', 'id_3']"
comply,"['id_0', 'id_3']"
computer,"['id_0', 'id_3']"
concealing,"['id_0', 'id_2', 'id_3']"
condition,"['id_0', 'id_2', 'id_3']"
conditions,['id_0']
conduct,"['id_0', 'id_3']"
conducting,"['id_0', 'id_2', 'id_3']"
confirmation,"['id_0', 'id_3']"
conform,"['id_0', 'id_2', 'id_3']"
connect,"['id_0', 'id_2', 'id_3']"
consecutive,"['id_0', 'id_2', 'id_3']"
consent,"['id_0', 'id_2', 'id_3']"
consistent,"['id_0', 'id_3']"
constitute,"['id_0', 'id_2', 'id_3']"
consumption,"['id_0', 'id_2', 'id_3']"
contact,"['id_0', 'id_2']"
content,"['id_0', 'id_3']"
continue,"['id_0', 'id_2', 'id_3']"
continuity,"['id_0', 'id_3']"
contrast,"['id_0', 'id_2', 'id_3']"
contravention,"['id_0', 'id_2', 'id_3']"
convention,"['id_0', 'id_2', 'id_3']"
conversion,"['id_0', 'id_3']"
coordinator,"['id_0', 'id_2', 'id_3']"
coral,"['id_0', 'id_2', 'id_3']"
correct,"['id_0', 'id_3']"
correspond,"['id_0', 'id_3']"
councilregulation,['id_0']
course,['id_0']
create,"['id_0', 'id_3']"
cross,"['id_0', 'id_3']"
crossing,"['id_0', 'id_2', 'id_3']"
crustacean,"['id_0', 'id_2', 'id_3']"
cubic,"['id_0', 'id_2', 'id_3']"
cumulative,"['id_0', 'id_3']"
custody,"['id_0', 'id_2', 'id_3']"
daily,"['id_0', 'id_2', 'id_3']"
december,"['id_0', 'id_3']"
deck,"['id_0', 'id_2', 'id_3']"
declaration,['id_0']
deem,"['id_0', 'id_2', 'id_3']"
defective,"['id_0', 'id_2', 'id_3']"
definition,"['id_0', 'id_3']"
delay,"['id_0', 'id_3']"
demonstrate,"['id_0', 'id_2', 'id_3']"
departure,"['id_0', 'id_2', 'id_3']"
depict,"['id_0', 'id_2', 'id_3']"
deploy,"['id_0', 'id_2', 'id_3']"
deployment,"['id_0', 'id_2']"
deprive,"['id_0', 'id_3']"
derive,"['id_0', 'id_2', 'id_3']"
derogation,"['id_0', 'id_3']"
designate,"['id_0', 'id_3']"
details,"['id_0', 'id_2', 'id_3']"
deter,"['id_0', 'id_2', 'id_3']"
determine,"['id_0', 'id_3']"
develop,['id_0']
device,"['id_0', 'id_2', 'id_3']"
devices,"['id_0', 'id_2', 'id_3']"
difference,"['id_0', 'id_2', 'id_3']"
digit,"['id_0', 'id_2', 'id_3']"
dimension,"['id_0', 'id_2', 'id_3']"
direct,"['id_0', 'id_3']"
disc,"['id_0', 'id_2', 'id_3']"
discard,"['id_0', 'id_2', 'id_3']"
discrepancy,"['id_0', 'id_2', 'id_3']"
discretion,"['id_0', 'id_2', 'id_3']"
discussion,"['id_0', 'id_2', 'id_3']"
display,"['id_0', 'id_2', 'id_3']"
distance,"['id_0', 'id_2', 'id_3']"
division,"['id_0', 'id_2', 'id_3']"
document,['id_0']
documentation,"['id_0', 'id_3']"
domestic,"['id_0', 'id_2', 'id_3']"
donor,"['id_0', 'id_2', 'id_3']"
drawing,"['id_0', 'id_3']"
earliest,"['id_0', 'id_2', 'id_3']"
early,['id_0']
effect,"['id_0', 'id_3']"
effectively,"['id_0', 'id_2']"
effectiveness,['id_0']
effort,"['id_0', 'id_2', 'id_3']"
either,"['id_0', 'id_3']"
electronically,"['id_0', 'id_2', 'id_3']"
element,"['id_0', 'id_2', 'id_3']"
email,"['id_0', 'id_2', 'id_3']"
emergency,"['id_0', 'id_2']"
encounter,"['id_0', 'id_2', 'id_3']"
encourage,"['id_0', 'id_2', 'id_3']"
endpoint,"['id_0', 'id_2', 'id_3']"
enforcement,"['id_0', 'id_2', 'id_3']"
engine,"['id_0', 'id_2', 'id_3']"
english,"['id_0', 'id_2', 'id_3']"
entry,"['id_0', 'id_3']"
enumeration,"['id_0', 'id_2', 'id_3']"
equipment,"['id_0', 'id_2']"
equitably,"['id_0', 'id_2', 'id_3']"
error,"['id_0', 'id_2', 'id_3']"
especially,"['id_0', 'id_2', 'id_3']"
estimate,['id_0']
evaluation,['id_0']
every,"['id_0', 'id_2', 'id_3']"
evidence,"['id_0', 'id_3']"
examine,"['id_0', 'id_2', 'id_3']"
exception,"['id_0', 'id_3']"
executive,"['id_0', 'id_2']"
exist,['id_0']
expertise,"['id_0', 'id_2']"
exploration,"['id_0', 'id_2', 'id_3']"
exploratory,"['id_0', 'id_2', 'id_3']"
export,"['id_0', 'id_2', 'id_3']"
extensible,"['id_0', 'id_2', 'id_3']"
extent,"['id_0', 'id_2']"
external,['id_0']
facilitate,"['id_0', 'id_3']"
facility,"['id_0', 'id_3']"
facsimile,"['id_0', 'id_2', 'id_3']"
factor,"['id_0', 'id_3']"
false,"['id_0', 'id_2', 'id_3']"
farm,"['id_0', 'id_2', 'id_3']"
farming,"['id_0', 'id_2', 'id_3']"
feature,"['id_0', 'id_3']"
february,"['id_0', 'id_2', 'id_3']"
figure,"['id_0', 'id_2', 'id_3']"
final,['id_0']
financial,['id_0']
findings,['id_0']
fine,"['id_0', 'id_2', 'id_3']"
fix,"['id_0', 'id_3']"
flounder,"['id_0', 'id_2', 'id_3']"
flying,"['id_0', 'id_2', 'id_3']"
fold,"['id_0', 'id_2', 'id_3']"
follow,"['id_0', 'id_3']"
following,"['id_0', 'id_3']"
footage,"['id_0', 'id_2', 'id_3']"
footprint,"['id_0', 'id_2', 'id_3']"
form,['id_0']
fraction,"['id_0', 'id_2', 'id_3']"
freezing,"['id_0', 'id_2', 'id_3']"
function,['id_0']
functioning,"['id_0', 'id_3']"
gather,"['id_0', 'id_2', 'id_3']"
greater,"['id_0', 'id_2', 'id_3']"
greenland,"['id_0', 'id_2', 'id_3']"
grid,"['id_0', 'id_2', 'id_3']"
grounds,"['id_0', 'id_3']"
growth,"['id_0', 'id_3']"
halibut,"['id_0', 'id_2', 'id_3']"
handling,"['id_0', 'id_2', 'id_3']"
harvesting,"['id_0', 'id_2', 'id_3']"
haul,"['id_0', 'id_2', 'id_3']"
highly,"['id_0', 'id_2', 'id_3']"
hoist,"['id_0', 'id_2', 'id_3']"
hours,"['id_0', 'id_2', 'id_3']"
hydrophysical,"['id_0', 'id_2', 'id_3']"
iccat,"['id_0', 'id_2', 'id_3']"
identification,"['id_0', 'id_3']"
illegal,"['id_0', 'id_2']"
illustrate,"['id_0', 'id_2', 'id_3']"
image,"['id_0', 'id_2', 'id_3']"
immediate,"['id_0', 'id_3']"
immediately,"['id_0', 'id_3']"
import,"['id_0', 'id_2', 'id_3']"
importation,"['id_0', 'id_2', 'id_3']"
inadequate,"['id_0', 'id_2', 'id_3']"
incident,"['id_0', 'id_2', 'id_3']"
include,"['id_0', 'id_3']"
increase,"['id_0', 'id_3']"
independent,"['id_0', 'id_3']"
independently,"['id_0', 'id_3']"
indicate,"['id_0', 'id_2', 'id_3']"
indicator,['id_0']
influence,"['id_0', 'id_2', 'id_3']"
infringement,"['id_0', 'id_2', 'id_3']"
initiate,"['id_0', 'id_3']"
input,"['id_0', 'id_3']"
inspect,"['id_0', 'id_2', 'id_3']"
inspection,"['id_0', 'id_2']"
inspector,"['id_0', 'id_2']"
instance,"['id_0', 'id_2', 'id_3']"
integrate,"['id_0', 'id_3']"
integrity,"['id_0', 'id_2', 'id_3']"
intend,"['id_0', 'id_3']"
interfere,"['id_0', 'id_2', 'id_3']"
interference,"['id_0', 'id_2', 'id_3']"
interinstitutional,"['id_0', 'id_2']"
interpreter,"['id_0', 'id_2', 'id_3']"
intimidate,"['id_0', 'id_2', 'id_3']"
intimidation,"['id_0', 'id_2', 'id_3']"
investigation,"['id_0', 'id_3']"
joint,['id_0']
judicial,"['id_0', 'id_2', 'id_3']"
jurisdiction,"['id_0', 'id_2', 'id_3']"
justification,"['id_0', 'id_2', 'id_3']"
klmno,"['id_0', 'id_2', 'id_3']"
knowledge,"['id_0', 'id_2', 'id_3']"
knowledgeable,"['id_0', 'id_2', 'id_3']"
label,"['id_0', 'id_2', 'id_3']"
ladder,"['id_0', 'id_2', 'id_3']"
land,"['id_0', 'id_2', 'id_3']"
landing,"['id_0', 'id_2']"
language,"['id_0', 'id_2']"
large,"['id_0', 'id_2', 'id_3']"
later,"['id_0', 'id_3']"
latitude,"['id_0', 'id_2', 'id_3']"
leave,"['id_0', 'id_2', 'id_3']"
length,"['id_0', 'id_2', 'id_3']"
letter,"['id_0', 'id_2', 'id_3']"
level,['id_0']
licence,"['id_0', 'id_2', 'id_3']"
limitation,"['id_0', 'id_2', 'id_3']"
limited,"['id_0', 'id_3']"
line,"['id_0', 'id_3']"
list,"['id_0', 'id_2', 'id_3']"
locate,"['id_0', 'id_3']"
location,"['id_0', 'id_2', 'id_3']"
logbook,"['id_0', 'id_2', 'id_3']"
london,"['id_0', 'id_2', 'id_3']"
longer,"['id_0', 'id_3']"
longitude,"['id_0', 'id_2', 'id_3']"
longitudinal,"['id_0', 'id_2', 'id_3']"
longline,"['id_0', 'id_2', 'id_3']"
lowest,"['id_0', 'id_2', 'id_3']"
maintain,"['id_0', 'id_2', 'id_3']"
majeure,"['id_0', 'id_3']"
making,"['id_0', 'id_3']"
manage,"['id_0', 'id_3']"
manner,"['id_0', 'id_3']"
mapping,"['id_0', 'id_2', 'id_3']"
march,['id_0']
margin,"['id_0', 'id_2', 'id_3']"
maritime,['id_0']
master,"['id_0', 'id_2', 'id_3']"
material,"['id_0', 'id_2']"
means,"['id_0', 'id_2']"
measurement,"['id_0', 'id_2', 'id_3']"
mechanical,"['id_0', 'id_2', 'id_3']"
mediterranean,"['id_0', 'id_2', 'id_3']"
member,['id_0']
mentella,"['id_0', 'id_2', 'id_3']"
message,"['id_0', 'id_2', 'id_3']"
methodology,['id_0']
metre,"['id_0', 'id_2', 'id_3']"
metric,"['id_0', 'id_2', 'id_3']"
microsoft,"['id_0', 'id_2', 'id_3']"
migration,"['id_0', 'id_2', 'id_3']"
minimise,"['id_0', 'id_3']"
minimum,"['id_0', 'id_3']"
modification,"['id_0', 'id_2', 'id_3']"
monitor,"['id_0', 'id_2', 'id_3']"
monitoring,['id_0']
moratorium,"['id_0', 'id_2', 'id_3']"
move,"['id_0', 'id_2', 'id_3']"
multilateral,"['id_0', 'id_2', 'id_3']"
mutual,"['id_0', 'id_2', 'id_3']"
nationality,"['id_0', 'id_2', 'id_3']"
nature,"['id_0', 'id_3']"
nautical,"['id_0', 'id_2', 'id_3']"
navigational,"['id_0', 'id_2', 'id_3']"
normal,"['id_0', 'id_3']"
normally,"['id_0', 'id_2', 'id_3']"
north,"['id_0', 'id_2', 'id_3']"
northern,"['id_0', 'id_2', 'id_3']"
northwest,"['id_0', 'id_2', 'id_3']"
note,"['id_0', 'id_2', 'id_3']"
notice,"['id_0', 'id_2', 'id_3']"
notification,['id_0']
notify,['id_0']
number,['id_0']
numbers,"['id_0', 'id_2', 'id_3']"
numerical,"['id_0', 'id_2', 'id_3']"
objection,"['id_0', 'id_3']"
observe,"['id_0', 'id_2', 'id_3']"
obstruction,"['id_0', 'id_2', 'id_3']"
occur,"['id_0', 'id_3']"
occurrence,"['id_0', 'id_3']"
offence,"['id_0', 'id_2', 'id_3']"
officer,['id_0']
operate,"['id_0', 'id_3']"
operator,"['id_0', 'id_2', 'id_3']"
opportunity,"['id_0', 'id_3']"
overall,['id_0']
packaging,"['id_0', 'id_2', 'id_3']"
paragraph,['id_0']
parameter,"['id_0', 'id_2', 'id_3']"
participate,"['id_0', 'id_2', 'id_3']"
patrol,"['id_0', 'id_2', 'id_3']"
pelagic,"['id_0', 'id_2', 'id_3']"
penalty,"['id_0', 'id_3']"
percentage,"['id_0', 'id_3']"
permission,"['id_0', 'id_2', 'id_3']"
permit,"['id_0', 'id_2', 'id_3']"
phone,"['id_0', 'id_2', 'id_3']"
physical,"['id_0', 'id_3']"
physically,"['id_0', 'id_2', 'id_3']"
placement,"['id_0', 'id_2', 'id_3']"
platform,"['id_0', 'id_2', 'id_3']"
plywood,"['id_0', 'id_2', 'id_3']"
port,"['id_0', 'id_2', 'id_3']"
portion,"['id_0', 'id_2', 'id_3']"
position,"['id_0', 'id_2', 'id_3']"
positional,"['id_0', 'id_2', 'id_3']"
possible,"['id_0', 'id_3']"
prawn,"['id_0', 'id_2', 'id_3']"
preparation,"['id_0', 'id_3']"
prepare,"['id_0', 'id_2', 'id_3']"
prescribe,"['id_0', 'id_2', 'id_3']"
presence,"['id_0', 'id_2', 'id_3']"
present,"['id_0', 'id_2', 'id_3']"
presentation,"['id_0', 'id_2', 'id_3']"
pressure,"['id_0', 'id_2', 'id_3']"
prevent,"['id_0', 'id_2']"
prevention,"['id_0', 'id_3']"
previous,"['id_0', 'id_3']"
prior,['id_0']
priority,['id_0']
privacy,"['id_0', 'id_2', 'id_3']"
proceed,"['id_0', 'id_2', 'id_3']"
proceedings,"['id_0', 'id_3']"
process,"['id_0', 'id_3']"
product,"['id_0', 'id_3']"
production,"['id_0', 'id_3']"
progress,['id_0']
prohibit,"['id_0', 'id_2', 'id_3']"
protection,"['id_0', 'id_3']"
provide,['id_0']
provision,['id_0']
provisions,['id_0']
purse,"['id_0', 'id_2', 'id_3']"
quantification,"['id_0', 'id_2', 'id_3']"
quantity,"['id_0', 'id_2', 'id_3']"
quota,"['id_0', 'id_2']"
radio,"['id_0', 'id_2', 'id_3']"
rates,"['id_0', 'id_3']"
readable,"['id_0', 'id_2', 'id_3']"
readily,"['id_0', 'id_2', 'id_3']"
reason,"['id_0', 'id_3']"
reasonable,"['id_0', 'id_2', 'id_3']"
receive,"['id_0', 'id_3']"
recognisable,"['id_0', 'id_2', 'id_3']"
record,"['id_0', 'id_3']"
recovery,"['id_0', 'id_3']"
redfish,"['id_0', 'id_2', 'id_3']"
refuse,"['id_0', 'id_2', 'id_3']"
register,"['id_0', 'id_3']"
registration,"['id_0', 'id_2', 'id_3']"
regulate,"['id_0', 'id_2', 'id_3']"
regulatory,"['id_0', 'id_2', 'id_3']"
relation,['id_0']
remain,"['id_0', 'id_3']"
removal,"['id_0', 'id_2', 'id_3']"
repair,"['id_0', 'id_2', 'id_3']"
repetition,"['id_0', 'id_2', 'id_3']"
replacement,"['id_0', 'id_3']"
reporting,"['id_0', 'id_3']"
require,"['id_0', 'id_3']"
reseal,"['id_0', 'id_2', 'id_3']"
resume,"['id_0', 'id_2', 'id_3']"
resumption,"['id_0', 'id_2', 'id_3']"
resupplying,"['id_0', 'id_2', 'id_3']"
retain,"['id_0', 'id_2', 'id_3']"
retrieval,"['id_0', 'id_2', 'id_3']"
retrieve,"['id_0', 'id_2', 'id_3']"
return,"['id_0', 'id_2', 'id_3']"
revoke,"['id_0', 'id_3']"
right,['id_0']
rings,"['id_0', 'id_2', 'id_3']"
roller,"['id_0', 'id_2', 'id_3']"
rooms,"['id_0', 'id_2', 'id_3']"
safety,"['id_0', 'id_2']"
salt,"['id_0', 'id_2', 'id_3']"
sanction,"['id_0', 'id_2', 'id_3']"
satellite,"['id_0', 'id_2']"
scale,"['id_0', 'id_3']"
scheme,['id_0']
seal,"['id_0', 'id_2', 'id_3']"
search,"['id_0', 'id_2', 'id_3']"
secretariat,"['id_0', 'id_2', 'id_3']"
secretary,"['id_0', 'id_2', 'id_3']"
section,['id_0']
sectoral,"['id_0', 'id_3']"
secure,"['id_0', 'id_2', 'id_3']"
security,"['id_0', 'id_2', 'id_3']"
seiners,"['id_0', 'id_2', 'id_3']"
seizure,"['id_0', 'id_2', 'id_3']"
senior,"['id_0', 'id_3']"
separate,"['id_0', 'id_3']"
separation,"['id_0', 'id_3']"
serial,"['id_0', 'id_2', 'id_3']"
services,['id_0']
shark,"['id_0', 'id_2', 'id_3']"
shrimp,"['id_0', 'id_2', 'id_3']"
sight,"['id_0', 'id_2', 'id_3']"
sighting,"['id_0', 'id_2', 'id_3']"
signal,"['id_0', 'id_2', 'id_3']"
signature,"['id_0', 'id_3']"
significant,"['id_0', 'id_3']"
skate,"['id_0', 'id_2', 'id_3']"
small,"['id_0', 'id_2', 'id_3']"
smaller,"['id_0', 'id_2', 'id_3']"
software,"['id_0', 'id_2', 'id_3']"
source,"['id_0', 'id_3']"
specification,"['id_0', 'id_3']"
specimen,"['id_0', 'id_2', 'id_3']"
speed,"['id_0', 'id_2', 'id_3']"
split,"['id_0', 'id_2', 'id_3']"
sponge,"['id_0', 'id_2', 'id_3']"
squid,"['id_0', 'id_2', 'id_3']"
start,"['id_0', 'id_3']"
statement,['id_0']
statistical,"['id_0', 'id_3']"
stock,"['id_0', 'id_2', 'id_3']"
stowage,"['id_0', 'id_2', 'id_3']"
strengthening,"['id_0', 'id_3']"
subarea,"['id_0', 'id_2', 'id_3']"
subparagraph,"['id_0', 'id_3']"
subsequent,"['id_0', 'id_3']"
sufficient,['id_0']
surface,"['id_0', 'id_2', 'id_3']"
surveillance,"['id_0', 'id_2']"
suspend,"['id_0', 'id_3']"
suspension,"['id_0', 'id_3']"
sustainable,"['id_0', 'id_3']"
table,['id_0']
take,"['id_0', 'id_2', 'id_3']"
taking,"['id_0', 'id_3']"
tank,"['id_0', 'id_2', 'id_3']"
taxonomical,"['id_0', 'id_2', 'id_3']"
telephone,"['id_0', 'id_2', 'id_3']"
telex,"['id_0', 'id_2', 'id_3']"
temporarily,"['id_0', 'id_2', 'id_3']"
terminal,"['id_0', 'id_2', 'id_3']"
terms,['id_0']
territory,"['id_0', 'id_3']"
thickness,"['id_0', 'id_2', 'id_3']"
times,"['id_0', 'id_3']"
tonne,"['id_0', 'id_2', 'id_3']"
topside,"['id_0', 'id_2', 'id_3']"
total,"['id_0', 'id_3']"
traceable,"['id_0', 'id_2', 'id_3']"
trainee,"['id_0', 'id_2', 'id_3']"
training,['id_0']
transhipment,"['id_0', 'id_2', 'id_3']"
transhipments,"['id_0', 'id_2', 'id_3']"
transhipped,"['id_0', 'id_2', 'id_3']"
transhipping,"['id_0', 'id_2', 'id_3']"
transporter,"['id_0', 'id_2', 'id_3']"
transship,"['id_0', 'id_2', 'id_3']"
trawl,"['id_0', 'id_2', 'id_3']"
treat,"['id_0', 'id_2', 'id_3']"
treaty,['id_0']
trial,"['id_0', 'id_2', 'id_3']"
trip,"['id_0', 'id_2', 'id_3']"
undertake,"['id_0', 'id_3']"
unite,"['id_0', 'id_2', 'id_3']"
unless,"['id_0', 'id_2', 'id_3']"
unnecessary,"['id_0', 'id_2', 'id_3']"
unregulated,"['id_0', 'id_2']"
unreported,"['id_0', 'id_2']"
upper,"['id_0', 'id_2', 'id_3']"
using,"['id_0', 'id_2', 'id_3']"
utmost,"['id_0', 'id_2', 'id_3']"
valid,"['id_0', 'id_2', 'id_3']"
verify,"['id_0', 'id_3']"
video,"['id_0', 'id_2', 'id_3']"
volumetric,"['id_0', 'id_2', 'id_3']"
warning,"['id_0', 'id_2', 'id_3']"
website,"['id_0', 'id_3']"
weight,"['id_0', 'id_2', 'id_3']"
welfare,"['id_0', 'id_2', 'id_3']"
wind,"['id_0', 'id_2', 'id_3']"
withdraw,"['id_0', 'id_2', 'id_3']"
within,"['id_0', 'id_2']"
write,"['id_0', 'id_3']"
yellowtail,"['id_0', 'id_2', 'id_3']"
abeyance,"['id_0', 'id_1', 'id_3']"
absorption,"['id_0', 'id_1', 'id_3']"
acceptance,"['id_0', 'id_1', 'id_3']"
accountability,"['id_0', 'id_1', 'id_3']"
accounting,"['id_0', 'id_1']"
accurate,"['id_0', 'id_1', 'id_3']"
achievement,"['id_0', 'id_1', 'id_3']"
acting,"['id_0', 'id_1']"
actual,"['id_0', 'id_1', 'id_3']"
actually,"['id_0', 'id_1', 'id_3']"
additionality,"['id_0', 'id_1', 'id_3']"
administration,"['id_0', 'id_1', 'id_3']"
adoption,"['id_0', 'id_1']"
advantage,"['id_0', 'id_1', 'id_3']"
affect,"['id_0', 'id_1', 'id_3']"
agree,"['id_0', 'id_1', 'id_3']"
agricultural,"['id_0', 'id_1', 'id_3']"
aim,"['id_0', 'id_1', 'id_3']"
alignment,"['id_0', 'id_1', 'id_3']"
allocate,"['id_0', 'id_1', 'id_3']"
amend,"['id_0', 'id_1', 'id_3']"
amount,"['id_0', 'id_1', 'id_3']"
animation,"['id_0', 'id_1', 'id_3']"
applicability,"['id_0', 'id_1', 'id_3']"
application,"['id_0', 'id_1']"
approach,"['id_0', 'id_1', 'id_3']"
appropriately,"['id_0', 'id_1', 'id_3']"
appropriation,"['id_0', 'id_1', 'id_3']"
approve,"['id_0', 'id_1', 'id_3']"
april,"['id_0', 'id_1', 'id_3']"
arise,"['id_0', 'id_1', 'id_3']"
assets,"['id_0', 'id_1', 'id_3']"
attention,"['id_0', 'id_1', 'id_3']"
attributable,"['id_0', 'id_1', 'id_3']"
attribute,"['id_0', 'id_1', 'id_3']"
audit,"['id_0', 'id_1', 'id_3']"
auditor,"['id_0', 'id_1']"
august,"['id_0', 'id_1', 'id_3']"
average,"['id_0', 'id_1', 'id_3']"
avoid,"['id_0', 'id_1', 'id_3']"
balance,"['id_0', 'id_1', 'id_3']"
bankruptcy,"['id_0', 'id_1', 'id_3']"
baseline,"['id_0', 'id_1', 'id_3']"
basin,"['id_0', 'id_1', 'id_3']"
bearing,"['id_0', 'id_1', 'id_3']"
belief,"['id_0', 'id_1', 'id_3']"
beneficiary,"['id_0', 'id_1', 'id_3']"
benefit,"['id_0', 'id_1', 'id_3']"
biodiversity,"['id_0', 'id_1', 'id_3']"
bottleneck,"['id_0', 'id_1', 'id_3']"
breach,"['id_0', 'id_1', 'id_3']"
break,"['id_0', 'id_1', 'id_3']"
breakdown,"['id_0', 'id_1', 'id_3']"
broad,"['id_0', 'id_1', 'id_3']"
budget,"['id_0', 'id_1']"
budgetary,"['id_0', 'id_1']"
building,"['id_0', 'id_1']"
burden,"['id_0', 'id_1', 'id_3']"
capital,"['id_0', 'id_1', 'id_3']"
capitalise,"['id_0', 'id_1', 'id_3']"
caput,"['id_0', 'id_1', 'id_3']"
carrier,"['id_0', 'id_1', 'id_3']"
categorisation,"['id_0', 'id_1', 'id_3']"
ceiling,"['id_0', 'id_1', 'id_3']"
central,"['id_0', 'id_1', 'id_3']"
certain,"['id_0', 'id_1', 'id_3']"
cessation,"['id_0', 'id_1', 'id_3']"
challenge,"['id_0', 'id_1']"
chargeable,"['id_0', 'id_1', 'id_3']"
choice,"['id_0', 'id_1', 'id_3']"
circumstances,"['id_0', 'id_1', 'id_3']"
citizen,"['id_0', 'id_1', 'id_3']"
civil,"['id_0', 'id_1', 'id_3']"
claim,"['id_0', 'id_1', 'id_3']"
clarity,"['id_0', 'id_1', 'id_3']"
clear,"['id_0', 'id_1', 'id_3']"
clearly,"['id_0', 'id_1', 'id_3']"
climate,"['id_0', 'id_1', 'id_3']"
coherence,"['id_0', 'id_1', 'id_3']"
coherent,"['id_0', 'id_1', 'id_3']"
cohesion,"['id_0', 'id_1', 'id_3']"
collective,"['id_0', 'id_1', 'id_3']"
colours,"['id_0', 'id_1', 'id_3']"
combination,"['id_0', 'id_1', 'id_3']"
combine,"['id_0', 'id_1', 'id_3']"
commitment,"['id_0', 'id_1', 'id_3']"
comparison,"['id_0', 'id_1']"
compatible,"['id_0', 'id_1', 'id_3']"
compensate,"['id_0', 'id_1', 'id_3']"
competence,"['id_0', 'id_1']"
complaint,"['id_0', 'id_1']"
complementary,"['id_0', 'id_1', 'id_3']"
component,"['id_0', 'id_1', 'id_3']"
composition,"['id_0', 'id_1', 'id_3']"
comprise,"['id_0', 'id_1', 'id_3']"
concentration,"['id_0', 'id_1', 'id_3']"
conclude,"['id_0', 'id_1', 'id_3']"
conclusion,"['id_0', 'id_1', 'id_3']"
conditional,"['id_0', 'id_1', 'id_3']"
conditionality,"['id_0', 'id_1', 'id_3']"
conflict,"['id_0', 'id_1', 'id_3']"
connection,"['id_0', 'id_1']"
consequence,"['id_0', 'id_1', 'id_3']"
consequent,"['id_0', 'id_1', 'id_3']"
consider,"['id_0', 'id_1', 'id_3']"
consideration,"['id_0', 'id_1', 'id_3']"
consistency,"['id_0', 'id_1', 'id_3']"
consultancy,"['id_0', 'id_1', 'id_3']"
context,"['id_0', 'id_1', 'id_3']"
continuation,"['id_0', 'id_1', 'id_3']"
contract,"['id_0', 'id_1']"
contractual,"['id_0', 'id_1', 'id_3']"
contribution,"['id_0', 'id_1']"
copy,"['id_0', 'id_1', 'id_3']"
corporate,"['id_0', 'id_1', 'id_3']"
correction,"['id_0', 'id_1', 'id_3']"
corrections,"['id_0', 'id_1', 'id_3']"
corrective,"['id_0', 'id_1', 'id_3']"
correctness,"['id_0', 'id_1', 'id_3']"
counterpart,"['id_0', 'id_1', 'id_3']"
court,"['id_0', 'id_1']"
credit,"['id_0', 'id_1', 'id_3']"
critical,"['id_0', 'id_1', 'id_3']"
currency,"['id_0', 'id_1', 'id_3']"
decommitment,"['id_0', 'id_1', 'id_3']"
decommitted,"['id_0', 'id_1', 'id_3']"
dedicate,"['id_0', 'id_1', 'id_3']"
deduct,"['id_0', 'id_1', 'id_3']"
deduction,"['id_0', 'id_1', 'id_3']"
deficiency,"['id_0', 'id_1', 'id_3']"
deficit,"['id_0', 'id_1', 'id_3']"
definitive,"['id_0', 'id_1', 'id_3']"
delivery,"['id_0', 'id_1', 'id_3']"
demographic,"['id_0', 'id_1', 'id_3']"
depreciation,"['id_0', 'id_1', 'id_3']"
derogate,"['id_0', 'id_1', 'id_3']"
design,"['id_0', 'id_1', 'id_3']"
designation,"['id_0', 'id_1', 'id_3']"
designing,"['id_0', 'id_1', 'id_3']"
detect,"['id_0', 'id_1', 'id_3']"
detection,"['id_0', 'id_1', 'id_3']"
developing,"['id_0', 'id_1', 'id_3']"
dialogue,"['id_0', 'id_1', 'id_3']"
difficulty,"['id_0', 'id_1', 'id_3']"
directly,"['id_0', 'id_1', 'id_3']"
disability,"['id_0', 'id_1', 'id_3']"
disagreement,"['id_0', 'id_1', 'id_3']"
disaster,"['id_0', 'id_1', 'id_3']"
disbursement,"['id_0', 'id_1', 'id_3']"
discrimination,"['id_0', 'id_1', 'id_3']"
discriminatory,"['id_0', 'id_1', 'id_3']"
disparity,"['id_0', 'id_1', 'id_3']"
disposal,"['id_0', 'id_1', 'id_3']"
distinct,"['id_0', 'id_1', 'id_3']"
distinction,"['id_0', 'id_1', 'id_3']"
domain,"['id_0', 'id_1', 'id_3']"
draw,"['id_0', 'id_1', 'id_3']"
eafrd,"['id_0', 'id_1', 'id_3']"
earlier,"['id_0', 'id_1', 'id_3']"
earnings,"['id_0', 'id_1', 'id_3']"
easily,"['id_0', 'id_1', 'id_3']"
economic,"['id_0', 'id_1']"
economy,"['id_0', 'id_1', 'id_3']"
effects,"['id_0', 'id_1', 'id_3']"
efficiency,"['id_0', 'id_1', 'id_3']"
elapse,"['id_0', 'id_1', 'id_3']"
elements,"['id_0', 'id_1', 'id_3']"
eligibility,"['id_0', 'id_1', 'id_3']"
eligible,"['id_0', 'id_1', 'id_3']"
employee,"['id_0', 'id_1', 'id_3']"
employer,"['id_0', 'id_1', 'id_3']"
employment,"['id_0', 'id_1']"
enable,"['id_0', 'id_1', 'id_3']"
energy,"['id_0', 'id_1', 'id_3']"
enhance,"['id_0', 'id_1']"
enterprise,"['id_0', 'id_1', 'id_3']"
entire,"['id_0', 'id_1', 'id_3']"
environment,"['id_0', 'id_1', 'id_3']"
equal,"['id_0', 'id_1', 'id_3']"
equality,"['id_0', 'id_1', 'id_3']"
equity,"['id_0', 'id_1', 'id_3']"
equivalent,"['id_0', 'id_1', 'id_3']"
escrow,"['id_0', 'id_1', 'id_3']"
establish,"['id_0', 'id_1']"
estate,"['id_0', 'id_1', 'id_3']"
ethnic,"['id_0', 'id_1', 'id_3']"
eucouncil,"['id_0', 'id_1', 'id_3']"
europe,"['id_0', 'id_1', 'id_3']"
evolution,"['id_0', 'id_1', 'id_3']"
exceed,"['id_0', 'id_1', 'id_3']"
exceptional,"['id_0', 'id_1', 'id_3']"
excessive,"['id_0', 'id_1', 'id_3']"
exclude,"['id_0', 'id_1', 'id_3']"
exclusion,"['id_0', 'id_1', 'id_3']"
exclusively,"['id_0', 'id_1', 'id_3']"
execution,"['id_0', 'id_1', 'id_3']"
exercise,"['id_0', 'id_1']"
expansion,"['id_0', 'id_1', 'id_3']"
expect,"['id_0', 'id_1', 'id_3']"
expenditure,"['id_0', 'id_1']"
experience,"['id_0', 'id_1']"
explanation,"['id_0', 'id_1', 'id_3']"
failing,"['id_0', 'id_1', 'id_3']"
failure,"['id_0', 'id_1', 'id_3']"
fall,"['id_0', 'id_1']"
fiduciary,"['id_0', 'id_1', 'id_3']"
field,"['id_0', 'id_1', 'id_3']"
fifth,"['id_0', 'id_1', 'id_3']"
finalisation,"['id_0', 'id_1', 'id_3']"
finance,"['id_0', 'id_1', 'id_3']"
financing,"['id_0', 'id_1', 'id_3']"
fourth,"['id_0', 'id_1', 'id_3']"
fragmentation,"['id_0', 'id_1', 'id_3']"
fraud,"['id_0', 'id_1', 'id_3']"
fulfil,"['id_0', 'id_1']"
fulfilment,"['id_0', 'id_1', 'id_3']"
fully,"['id_0', 'id_1', 'id_3']"
funding,"['id_0', 'id_1']"
funds,"['id_0', 'id_1', 'id_3']"
future,"['id_0', 'id_1', 'id_3']"
gain,"['id_0', 'id_1', 'id_3']"
gender,"['id_0', 'id_1', 'id_3']"
general,"['id_0', 'id_1']"
generally,"['id_0', 'id_1', 'id_3']"
genuine,"['id_0', 'id_1', 'id_3']"
global,"['id_0', 'id_1', 'id_3']"
goal,"['id_0', 'id_1', 'id_3']"
good,"['id_0', 'id_1']"
governance,"['id_0', 'id_1', 'id_3']"
governmental,"['id_0', 'id_1', 'id_3']"
grant,"['id_0', 'id_1', 'id_3']"
gravity,"['id_0', 'id_1', 'id_3']"
gross,"['id_0', 'id_1', 'id_3']"
grouping,"['id_0', 'id_1', 'id_3']"
guarantee,"['id_0', 'id_1', 'id_3']"
guidance,"['id_0', 'id_1', 'id_3']"
guide,"['id_0', 'id_1', 'id_3']"
guideline,"['id_0', 'id_1']"
handicap,"['id_0', 'id_1', 'id_3']"
harmonious,"['id_0', 'id_1', 'id_3']"
harmonise,"['id_0', 'id_1', 'id_3']"
hearing,"['id_0', 'id_1', 'id_3']"
hierarchy,"['id_0', 'id_1', 'id_3']"
high,"['id_0', 'id_1', 'id_3']"
higher,"['id_0', 'id_1', 'id_3']"
historical,"['id_0', 'id_1', 'id_3']"
honour,"['id_0', 'id_1', 'id_3']"
horizontal,"['id_0', 'id_1', 'id_3']"
hourly,"['id_0', 'id_1', 'id_3']"
human,"['id_0', 'id_1']"
imbalance,"['id_0', 'id_1', 'id_3']"
implication,"['id_0', 'id_1', 'id_3']"
importance,"['id_0', 'id_1', 'id_3']"
improve,"['id_0', 'id_1', 'id_3']"
inclusion,"['id_0', 'id_1', 'id_3']"
inclusive,"['id_0', 'id_1', 'id_3']"
income,"['id_0', 'id_1', 'id_3']"
incompatible,"['id_0', 'id_1', 'id_3']"
incomplete,"['id_0', 'id_1', 'id_3']"
incur,"['id_0', 'id_1', 'id_3']"
independence,"['id_0', 'id_1']"
indication,"['id_0', 'id_1', 'id_3']"
indicative,"['id_0', 'id_1', 'id_3']"
indirect,"['id_0', 'id_1']"
indivisible,"['id_0', 'id_1', 'id_3']"
infrastructure,"['id_0', 'id_1']"
inhabitant,"['id_0', 'id_1', 'id_3']"
initial,"['id_0', 'id_1', 'id_3']"
initiative,"['id_0', 'id_1']"
innovation,"['id_0', 'id_1', 'id_3']"
innovative,"['id_0', 'id_1', 'id_3']"
instalment,"['id_0', 'id_1', 'id_3']"
institution,"['id_0', 'id_1']"
institutional,"['id_0', 'id_1', 'id_3']"
instructions,"['id_0', 'id_1']"
instrument,"['id_0', 'id_1', 'id_3']"
insufficient,"['id_0', 'id_1', 'id_3']"
intangible,"['id_0', 'id_1', 'id_3']"
integration,"['id_0', 'id_1', 'id_3']"
interim,"['id_0', 'id_1', 'id_3']"
intermediary,"['id_0', 'id_1', 'id_3']"
intermediate,"['id_0', 'id_1', 'id_3']"
internal,"['id_0', 'id_1']"
internationally,"['id_0', 'id_1', 'id_3']"
internet,"['id_0', 'id_1', 'id_3']"
interrupt,"['id_0', 'id_1', 'id_3']"
interruption,"['id_0', 'id_1', 'id_3']"
intervention,"['id_0', 'id_1', 'id_3']"
invest,"['id_0', 'id_1', 'id_3']"
investigating,"['id_0', 'id_1', 'id_3']"
investing,"['id_0', 'id_1', 'id_3']"
investment,"['id_0', 'id_1', 'id_3']"
investor,"['id_0', 'id_1', 'id_3']"
invitation,"['id_0', 'id_1', 'id_3']"
invoice,"['id_0', 'id_1', 'id_3']"
involvement,"['id_0', 'id_1', 'id_3']"
irregular,"['id_0', 'id_1', 'id_3']"
irregularity,"['id_0', 'id_1', 'id_3']"
island,"['id_0', 'id_1', 'id_3']"
item,"['id_0', 'id_1', 'id_3']"
january,"['id_0', 'id_1', 'id_3']"
keeping,"['id_0', 'id_1', 'id_3']"
kilometre,"['id_0', 'id_1', 'id_3']"
labour,"['id_0', 'id_1', 'id_3']"
latest,"['id_0', 'id_1', 'id_3']"
laundering,"['id_0', 'id_1', 'id_3']"
laying,"['id_0', 'id_1', 'id_3']"
legality,"['id_0', 'id_1', 'id_3']"
legislation,"['id_0', 'id_1', 'id_3']"
legislative,"['id_0', 'id_1', 'id_3']"
lesson,"['id_0', 'id_1', 'id_3']"
leverage,"['id_0', 'id_1', 'id_3']"
link,"['id_0', 'id_1', 'id_3']"
loan,"['id_0', 'id_1', 'id_3']"
lower,"['id_0', 'id_1', 'id_3']"
macro,"['id_0', 'id_1', 'id_3']"
macroeconomic,"['id_0', 'id_1', 'id_3']"
macroregional,"['id_0', 'id_1', 'id_3']"
mainland,"['id_0', 'id_1', 'id_3']"
maintenance,"['id_0', 'id_1', 'id_3']"
major,"['id_0', 'id_1', 'id_3']"
marginalise,"['id_0', 'id_1', 'id_3']"
market,"['id_0', 'id_1', 'id_3']"
matter,"['id_0', 'id_1']"
maturity,"['id_0', 'id_1', 'id_3']"
maximum,"['id_0', 'id_1', 'id_3']"
mayotte,"['id_0', 'id_1', 'id_3']"
meaning,"['id_0', 'id_1', 'id_3']"
measurable,"['id_0', 'id_1', 'id_3']"
mechanism,"['id_0', 'id_1', 'id_3']"
medium,"['id_0', 'id_1', 'id_3']"
micro,"['id_0', 'id_1', 'id_3']"
milestone,"['id_0', 'id_1', 'id_3']"
minimis,"['id_0', 'id_1', 'id_3']"
mission,"['id_0', 'id_1']"
mitigation,"['id_0', 'id_1', 'id_3']"
mobilisation,"['id_0', 'id_1', 'id_3']"
mobility,"['id_0', 'id_1', 'id_3']"
model,"['id_0', 'id_1', 'id_3']"
motivate,"['id_0', 'id_1', 'id_3']"
mountainous,"['id_0', 'id_1', 'id_3']"
multi,"['id_0', 'id_1', 'id_3']"
multiple,"['id_0', 'id_1', 'id_3']"
need,"['id_0', 'id_1', 'id_3']"
negligence,"['id_0', 'id_1', 'id_3']"
negotiation,"['id_0', 'id_1']"
network,"['id_0', 'id_1', 'id_3']"
newly,"['id_0', 'id_1', 'id_3']"
nomenclature,"['id_0', 'id_1', 'id_3']"
nominal,"['id_0', 'id_1', 'id_3']"
november,"['id_0', 'id_1', 'id_3']"
observation,"['id_0', 'id_1']"
october,"['id_0', 'id_1']"
ongoing,"['id_0', 'id_1', 'id_3']"
opinion,"['id_0', 'id_1']"
organise,"['id_0', 'id_1']"
orientation,"['id_0', 'id_1', 'id_3']"
origin,"['id_0', 'id_1', 'id_3']"
original,"['id_0', 'id_1', 'id_3']"
others,"['id_0', 'id_1', 'id_3']"
outcome,"['id_0', 'id_1', 'id_3']"
outermost,"['id_0', 'id_1', 'id_3']"
outstanding,"['id_0', 'id_1', 'id_3']"
overview,"['id_0', 'id_1', 'id_3']"
ownership,"['id_0', 'id_1', 'id_3']"
parity,"['id_0', 'id_1', 'id_3']"
partially,"['id_0', 'id_1', 'id_3']"
participation,"['id_0', 'id_1', 'id_3']"
partner,"['id_0', 'id_1', 'id_3']"
partnership,"['id_0', 'id_1', 'id_3']"
parts,"['id_0', 'id_1', 'id_3']"
payment,"['id_0', 'id_1', 'id_3']"
pending,"['id_0', 'id_1', 'id_3']"
people,"['id_0', 'id_1', 'id_3']"
perform,"['id_0', 'id_1']"
permanent,"['id_0', 'id_1', 'id_3']"
persist,"['id_0', 'id_1', 'id_3']"
personnel,"['id_0', 'id_1', 'id_3']"
perspective,"['id_0', 'id_1', 'id_3']"
phase,"['id_0', 'id_1', 'id_3']"
pilot,"['id_0', 'id_1', 'id_3']"
political,"['id_0', 'id_1', 'id_3']"
population,"['id_0', 'id_1', 'id_3']"
portfolio,"['id_0', 'id_1', 'id_3']"
potential,"['id_0', 'id_1']"
poverty,"['id_0', 'id_1', 'id_3']"
practice,"['id_0', 'id_1']"
precautionary,"['id_0', 'id_1', 'id_3']"
precise,"['id_0', 'id_1', 'id_3']"
precisely,"['id_0', 'id_1', 'id_3']"
preferential,"['id_0', 'id_1', 'id_3']"
preparatory,"['id_0', 'id_1', 'id_3']"
preserve,"['id_0', 'id_1', 'id_3']"
price,"['id_0', 'id_1', 'id_3']"
principally,"['id_0', 'id_1', 'id_3']"
private,"['id_0', 'id_1']"
privatisation,"['id_0', 'id_1', 'id_3']"
prize,"['id_0', 'id_1', 'id_3']"
probation,"['id_0', 'id_1', 'id_3']"
probative,"['id_0', 'id_1', 'id_3']"
problem,"['id_0', 'id_1', 'id_3']"
proceeds,"['id_0', 'id_1', 'id_3']"
procurement,"['id_0', 'id_1', 'id_3']"
productive,"['id_0', 'id_1', 'id_3']"
professional,"['id_0', 'id_1', 'id_3']"
program,"['id_0', 'id_1', 'id_3']"
programming,"['id_0', 'id_1', 'id_3']"
project,"['id_0', 'id_1']"
promote,"['id_0', 'id_1']"
promotion,"['id_0', 'id_1', 'id_3']"
promotional,"['id_0', 'id_1', 'id_3']"
proportion,"['id_0', 'id_1']"
proportionality,"['id_0', 'id_1', 'id_3']"
proportionate,"['id_0', 'id_1', 'id_3']"
proportionately,"['id_0', 'id_1', 'id_3']"
proposal,"['id_0', 'id_1']"
proprietary,"['id_0', 'id_1', 'id_3']"
prosperity,"['id_0', 'id_1', 'id_3']"
provisional,"['id_0', 'id_1']"
prudential,"['id_0', 'id_1', 'id_3']"
public,"['id_0', 'id_1']"
publicise,"['id_0', 'id_1', 'id_3']"
publishing,"['id_0', 'id_1', 'id_3']"
purchasing,"['id_0', 'id_1', 'id_3']"
pursue,"['id_0', 'id_1', 'id_3']"
qualify,"['id_0', 'id_1', 'id_3']"
quantitative,"['id_0', 'id_1', 'id_3']"
questioning,"['id_0', 'id_1', 'id_3']"
racial,"['id_0', 'id_1', 'id_3']"
range,"['id_0', 'id_1', 'id_3']"
ratio,"['id_0', 'id_1', 'id_3']"
recent,"['id_0', 'id_1', 'id_3']"
recipient,"['id_0', 'id_1', 'id_3']"
recommendation,"['id_0', 'id_1']"
recover,"['id_0', 'id_1', 'id_3']"
recoverable,"['id_0', 'id_1', 'id_3']"
recurrence,"['id_0', 'id_1', 'id_3']"
redistribute,"['id_0', 'id_1', 'id_3']"
reduce,"['id_0', 'id_1']"
reduction,"['id_0', 'id_1', 'id_3']"
reform,"['id_0', 'id_1', 'id_3']"
regard,"['id_0', 'id_1']"
regardless,"['id_0', 'id_1', 'id_3']"
regeneration,"['id_0', 'id_1', 'id_3']"
regular,"['id_0', 'id_1']"
regularity,"['id_0', 'id_1', 'id_3']"
reimbursement,"['id_0', 'id_1', 'id_3']"
reinforce,"['id_0', 'id_1', 'id_3']"
relations,"['id_0', 'id_1']"
release,"['id_0', 'id_1', 'id_3']"
reliable,"['id_0', 'id_1']"
relief,"['id_0', 'id_1', 'id_3']"
religion,"['id_0', 'id_1', 'id_3']"
relocation,"['id_0', 'id_1', 'id_3']"
remedial,"['id_0', 'id_1', 'id_3']"
remuneration,"['id_0', 'id_1', 'id_3']"
reorganisation,"['id_0', 'id_1', 'id_3']"
repay,"['id_0', 'id_1', 'id_3']"
repayable,"['id_0', 'id_1', 'id_3']"
repayment,"['id_0', 'id_1', 'id_3']"
reserve,"['id_0', 'id_1', 'id_3']"
resident,"['id_0', 'id_1', 'id_3']"
resilience,"['id_0', 'id_1', 'id_3']"
respective,"['id_0', 'id_1']"
respectively,"['id_0', 'id_1', 'id_3']"
response,"['id_0', 'id_1']"
responsibility,"['id_0', 'id_1']"
reuse,"['id_0', 'id_1', 'id_3']"
revenue,"['id_0', 'id_1']"
review,"['id_0', 'id_1']"
revision,"['id_0', 'id_1', 'id_3']"
rural,"['id_0', 'id_1', 'id_3']"
saint,"['id_0', 'id_1', 'id_3']"
satisfactory,"['id_0', 'id_1', 'id_3']"
satisfy,"['id_0', 'id_1', 'id_3']"
savings,"['id_0', 'id_1', 'id_3']"
schedule,"['id_0', 'id_1', 'id_3']"
scope,"['id_0', 'id_1', 'id_3']"
second,"['id_0', 'id_1']"
securitisation,"['id_0', 'id_1', 'id_3']"
select,"['id_0', 'id_1', 'id_3']"
selection,"['id_0', 'id_1', 'id_3']"
sentence,"['id_0', 'id_1', 'id_3']"
september,"['id_0', 'id_1']"
serious,"['id_0', 'id_1', 'id_3']"
service,"['id_0', 'id_1', 'id_3']"
setting,"['id_0', 'id_1', 'id_3']"
seventh,"['id_0', 'id_1', 'id_3']"
severe,"['id_0', 'id_1', 'id_3']"
sexual,"['id_0', 'id_1', 'id_3']"
share,"['id_0', 'id_1', 'id_3']"
sharing,"['id_0', 'id_1']"
similar,"['id_0', 'id_1', 'id_3']"
single,"['id_0', 'id_1', 'id_3']"
situation,"['id_0', 'id_1']"
skill,"['id_0', 'id_1', 'id_3']"
smart,"['id_0', 'id_1', 'id_3']"
social,"['id_0', 'id_1', 'id_3']"
society,"['id_0', 'id_1', 'id_3']"
socio,"['id_0', 'id_1', 'id_3']"
solely,"['id_0', 'id_1', 'id_3']"
solvency,"['id_0', 'id_1', 'id_3']"
sound,"['id_0', 'id_1', 'id_3']"
special,"['id_0', 'id_1', 'id_3']"
speeding,"['id_0', 'id_1', 'id_3']"
spreadsheet,"['id_0', 'id_1', 'id_3']"
stabilisation,"['id_0', 'id_1', 'id_3']"
staff,"['id_0', 'id_1']"
stage,"['id_0', 'id_1', 'id_3']"
statistics,"['id_0', 'id_1', 'id_3']"
steering,"['id_0', 'id_1', 'id_3']"
steps,"['id_0', 'id_1']"
store,"['id_0', 'id_1', 'id_3']"
strategic,"['id_0', 'id_1', 'id_3']"
strategy,"['id_0', 'id_1', 'id_3']"
strength,"['id_0', 'id_1', 'id_3']"
strong,"['id_0', 'id_1', 'id_3']"
structural,"['id_0', 'id_1', 'id_3']"
structure,"['id_0', 'id_1', 'id_3']"
study,"['id_0', 'id_1', 'id_3']"
suboptimal,"['id_0', 'id_1', 'id_3']"
subparagraphs,"['id_0', 'id_1', 'id_3']"
subsector,"['id_0', 'id_1', 'id_3']"
subsectors,"['id_0', 'id_1', 'id_3']"
subsequently,"['id_0', 'id_1', 'id_3']"
subsidiarity,"['id_0', 'id_1', 'id_3']"
subsidy,"['id_0', 'id_1']"
substantial,"['id_0', 'id_1', 'id_3']"
successive,"['id_0', 'id_1', 'id_3']"
summary,"['id_0', 'id_1', 'id_3']"
supplier,"['id_0', 'id_1', 'id_3']"
supply,"['id_0', 'id_1', 'id_3']"
supporting,"['id_0', 'id_1', 'id_3']"
suspensory,"['id_0', 'id_1', 'id_3']"
systemic,"['id_0', 'id_1', 'id_3']"
tangible,"['id_0', 'id_1', 'id_3']"
task,"['id_0', 'id_1']"
technological,"['id_0', 'id_1', 'id_3']"
temporary,"['id_0', 'id_1', 'id_3']"
termination,"['id_0', 'id_1', 'id_3']"
territorial,"['id_0', 'id_1', 'id_3']"
thematic,"['id_0', 'id_1', 'id_3']"
thematically,"['id_0', 'id_1', 'id_3']"
thereof,"['id_0', 'id_1']"
threaten,"['id_0', 'id_1', 'id_3']"
timeframe,"['id_0', 'id_1', 'id_3']"
timing,"['id_0', 'id_1', 'id_3']"
title,"['id_0', 'id_1']"
totality,"['id_0', 'id_1', 'id_3']"
trail,"['id_0', 'id_1', 'id_3']"
tranche,"['id_0', 'id_1', 'id_3']"
transactions,"['id_0', 'id_1', 'id_3']"
transfer,"['id_0', 'id_1', 'id_3']"
transition,"['id_0', 'id_1', 'id_3']"
transitional,"['id_0', 'id_1', 'id_3']"
transnational,"['id_0', 'id_1', 'id_3']"
transparency,"['id_0', 'id_1', 'id_3']"
transparent,"['id_0', 'id_1', 'id_3']"
transport,"['id_0', 'id_1', 'id_3']"
treatment,"['id_0', 'id_1', 'id_3']"
type,"['id_0', 'id_1', 'id_3']"
umbrella,"['id_0', 'id_1', 'id_3']"
uncapped,"['id_0', 'id_1', 'id_3']"
underlie,"['id_0', 'id_1', 'id_3']"
undertaking,"['id_0', 'id_1', 'id_3']"
unduly,"['id_0', 'id_1', 'id_3']"
unemployed,"['id_0', 'id_1', 'id_3']"
uniform,"['id_0', 'id_1']"
unit,"['id_0', 'id_1', 'id_3']"
unjustified,"['id_0', 'id_1', 'id_3']"
unqualified,"['id_0', 'id_1', 'id_3']"
update,"['id_0', 'id_1']"
urban,"['id_0', 'id_1', 'id_3']"
usual,"['id_0', 'id_1', 'id_3']"
value,"['id_0', 'id_1', 'id_3']"
values,"['id_0', 'id_1', 'id_3']"
verifiable,"['id_0', 'id_1', 'id_3']"
version,"['id_0', 'id_1', 'id_3']"
viability,"['id_0', 'id_1', 'id_3']"
view,"['id_0', 'id_1', 'id_3']"
visibility,"['id_0', 'id_1', 'id_3']"
visit,"['id_0', 'id_1', 'id_3']"
vocational,"['id_0', 'id_1', 'id_3']"
voluntarily,"['id_0', 'id_1', 'id_3']"
vote,"['id_0', 'id_1', 'id_3']"
weakness,"['id_0', 'id_1', 'id_3']"
wealth,"['id_0', 'id_1', 'id_3']"
weighting,"['id_0', 'id_1', 'id_3']"
whether,"['id_0', 'id_1', 'id_3']"
winding,"['id_0', 'id_1', 'id_3']"
withdrawal,"['id_0', 'id_1', 'id_3']"
woman,"['id_0', 'id_1', 'id_3']"
works,"['id_0', 'id_1', 'id_3']"
writing,"['id_0', 'id_1', 'id_3']"
years,"['id_0', 'id_1', 'id_3']"
young,"['id_0', 'id_1', 'id_3']"
adjust,"['id_0', 'id_1', 'id_2']"
adviser,"['id_0', 'id_1', 'id_2']"
agenda,"['id_0', 'id_1', 'id_2']"
appoint,"['id_0', 'id_1', 'id_2']"
arbitration,"['id_0', 'id_1', 'id_2']"
assist,"['id_0', 'id_1', 'id_2']"
border,"['id_0', 'id_1', 'id_2']"
capability,"['id_0', 'id_1', 'id_2']"
chair,"['id_0', 'id_1', 'id_2']"
coast,"['id_0', 'id_1', 'id_2']"
combat,"['id_0', 'id_1', 'id_2']"
commision,"['id_0', 'id_1', 'id_2']"
compare,"['id_0', 'id_1', 'id_2']"
compensation,"['id_0', 'id_1', 'id_2']"
competency,"['id_0', 'id_1', 'id_2']"
confidentiality,"['id_0', 'id_1', 'id_2']"
conformity,"['id_0', 'id_1', 'id_2']"
corruption,"['id_0', 'id_1', 'id_2']"
curriculum,"['id_0', 'id_1', 'id_2']"
deletion,"['id_0', 'id_1', 'id_2']"
deliberation,"['id_0', 'id_1', 'id_2']"
depart,"['id_0', 'id_1', 'id_2']"
deputy,"['id_0', 'id_1', 'id_2']"
director,"['id_0', 'id_1', 'id_2']"
discharge,"['id_0', 'id_1', 'id_2']"
elaborate,"['id_0', 'id_1', 'id_2']"
euratom,"['id_0', 'id_1', 'id_2']"
existence,"['id_0', 'id_1', 'id_2']"
expense,"['id_0', 'id_1', 'id_2']"
extensive,"['id_0', 'id_1', 'id_2']"
governed,"['id_0', 'id_1', 'id_2']"
guard,"['id_0', 'id_1', 'id_2']"
immunity,"['id_0', 'id_1', 'id_2']"
intention,"['id_0', 'id_1', 'id_2']"
inter,"['id_0', 'id_1', 'id_2']"
judgment,"['id_0', 'id_1', 'id_2']"
justice,"['id_0', 'id_1', 'id_2']"
latter,"['id_0', 'id_1', 'id_2']"
liability,"['id_0', 'id_1', 'id_2']"
logistic,"['id_0', 'id_1', 'id_2']"
majority,"['id_0', 'id_1', 'id_2']"
merit,"['id_0', 'id_1', 'id_2']"
movable,"['id_0', 'id_1', 'id_2']"
office,"['id_0', 'id_1', 'id_2']"
ombudsman,"['id_0', 'id_1', 'id_2']"
option,"['id_0', 'id_1', 'id_2']"
personality,"['id_0', 'id_1', 'id_2']"
practical,"['id_0', 'id_1', 'id_2']"
prejudicial,"['id_0', 'id_1', 'id_2']"
preliminary,"['id_0', 'id_1', 'id_2']"
property,"['id_0', 'id_1', 'id_2']"
question,"['id_0', 'id_1', 'id_2']"
quorum,"['id_0', 'id_1', 'id_2']"
rental,"['id_0', 'id_1', 'id_2']"
respond,"['id_0', 'id_1', 'id_2']"
risk,"['id_0', 'id_1', 'id_2']"
servant,"['id_0', 'id_1', 'id_2']"
spain,"['id_0', 'id_1', 'id_2']"
timely,"['id_0', 'id_1', 'id_2']"
tonnage,"['id_0', 'id_1', 'id_2']"
understandable,"['id_0', 'id_1', 'id_2']"
utility,"['id_0', 'id_1', 'id_2']"
vehicle,"['id_0', 'id_1', 'id_2']"
voting,"['id_0', 'id_1', 'id_2']"
